model_alias,split,case_id,family,repeat,condition,upstream_call_ids,positive_eligible,correction_eligible,generation_valid,provider_failure,parse_failure,generation_failure_unclassified,invalid_final,action_allowed,required_present,forbidden_absent,preserve_ids_exact,remove_ids_absent,no_extra_facts,obsolete_versions_absent,whole_state_compliance,positive_joint,correction_recovery,negative_preservation,missed_clarification,unnecessary_clarification,extra_write,harmful_write,completed_write_claim,unsupported_write_claim,pair_id,label,expected_state,recovered,safe_preservation,harmful_alteration,other_or_wrong_state,initial_unchanged
gemini_flash,test,CT01,explicit_valid_correction,1,E_text,"[""cb2ea54ea18c8a5fc508-candidate_extract"", ""cb2ea54ea18c8a5fc508-candidate_final""]",True,True,True,False,False,False,False,True,True,True,True,True,True,True,True,True,True,False,False,False,False,False,False,False,,,,,,,,
gemini_flash,test,CT01,explicit_valid_correction,3,E_text,"[""704cab8be4b37a0a3b38-candidate_extract"", ""704cab8be4b37a0a3b38-candidate_final""]",True,True,True,False,False,False,False,True,True,True,True,True,True,True,True,True,True,False,False,False,False,False,False,False,,,,,,,,
gemini_flash,test,CT42,multiple_facts_partial_scope,3,E_text,"[""57b60ec9c951f55dfca3-candidate_extract"", ""57b60ec9c951f55dfca3-candidate_final""]",True,True,True,False,False,False,False,True,True,True,True,True,True,True,True,True,True,False,False,False,False,False,False,False,,,,,,,,
gemini_flash,test,CT45,self_repair_contextual_ellipsis,1,E_text,"[""97ce1c5215ff62b11a6c-candidate_extract"", ""97ce1c5215ff62b11a6c-candidate_final""]",True,True,True,False,False,False,False,True,True,True,True,True,True,True,True,True,True,False,False,False,False,False,False,False,,,,,,,,
gemini_flash,test,CT45,self_repair_contextual_ellipsis,2,E_text,"[""2ac6966a20bad6c7a823-candidate_extract"", ""2ac6966a20bad6c7a823-candidate_final""]",True,True,True,False,False,False,False,True,True,True,True,True,True,True,True,True,True,False,False,False,False,False,False,False,,,,,,,,
gemini_flash,test,CT45,self_repair_contextual_ellipsis,3,E_text,"[""bd600cff386f40b46157-candidate_extract"", ""bd600cff386f40b46157-candidate_final""]",True,True,True,False,False,False,False,True,True,True,True,True,True,True,True,True,True,False,False,False,False,False,False,False,,,,,,,,
gemini_flash,test,CT46,self_repair_contextual_ellipsis,1,E_text,"[""84a0954baa508594e42f-candidate_extract"", ""84a0954baa508594e42f-candidate_final""]",True,True,True,False,False,False,False,True,True,True,True,True,True,True,True,True,True,False,False,False,False,False,False,False,,,,,,,,
gemini_flash,test,CT46,self_repair_contextual_ellipsis,2,E_text,"[""99db8d21a024ad4bf429-candidate_extract"", ""99db8d21a024ad4bf429-candidate_final""]",True,True,True,False,False,False,False,True,True,True,True,True,True,True,True,True,True,False,False,False,False,False,False,False,,,,,,,,
gemini_flash,test,CT46,self_repair_contextual_ellipsis,3,E_text,"[""3aea63f0197ffb9716f0-candidate_extract"", ""3aea63f0197ffb9716f0-candidate_final""]",True,True,True,False,False,False,False,True,True,True,True,True,True,True,True,True,True,False,False,False,False,False,False,False,,,,,,,,
gemini_flash,test,CT48,self_repair_contextual_ellipsis,1,E_text,"[""b3289444f128166e5033-candidate_extract"", ""b3289444f128166e5033-candidate_final""]",True,True,True,False,False,False,False,True,True,True,True,True,True,True,True,True,True,False,False,False,False,False,False,False,,,,,,,,
gemini_flash,test,CT48,self_repair_contextual_ellipsis,3,E_text,"[""2bf9a58098805c2d5668-candidate_extract"", ""2bf9a58098805c2d5668-candidate_final""]",True,True,True,False,False,False,False,True,True,True,True,True,True,True,True,True,True,False,False,False,False,False,False,False,,,,,,,,
llama31_8b,test,CT04,explicit_valid_correction,3,E_text,"[""c48adb6803a04bc7a315-candidate_extract"", ""c48adb6803a04bc7a315-candidate_final""]",True,True,True,False,False,False,False,False,False,False,True,True,True,False,False,False,False,False,False,True,False,False,False,False,,,,,,,,
llama31_8b,test,CT47,self_repair_contextual_ellipsis,1,E_text,"[""f4b193424f4dc33b734c-candidate_extract"", ""f4b193424f4dc33b734c-candidate_final""]",True,True,True,False,False,False,False,False,True,True,True,True,True,True,True,False,False,False,False,True,False,False,False,False,,,,,,,,
gemini35_flash_lite,test,CT21,conflicting_transcript_alternatives,1,E_text,"[""c8f8cc011124f03b7a5b-candidate_extract"", ""c8f8cc011124f03b7a5b-candidate_final""]",False,False,True,False,False,False,False,False,True,True,True,True,True,True,True,False,False,True,True,False,False,False,False,False,,,,,,,,
gemini35_flash_lite,test,CT21,conflicting_transcript_alternatives,2,E_text,"[""7480618ab8b58b8a6f0e-candidate_extract"", ""7480618ab8b58b8a6f0e-candidate_final""]",False,False,True,False,False,False,False,False,True,True,True,True,True,True,True,False,False,True,True,False,False,False,False,False,,,,,,,,
gemini35_flash_lite,test,CT22,conflicting_transcript_alternatives,1,E_text,"[""20c23c7e0f29c1c05718-candidate_extract"", ""20c23c7e0f29c1c05718-candidate_final""]",False,False,True,False,False,False,False,False,True,True,True,True,True,True,True,False,False,True,True,False,False,False,False,False,,,,,,,,
gemini35_flash_lite,test,CT22,conflicting_transcript_alternatives,2,E_text,"[""d2cfc88592ec592a1354-candidate_extract"", ""d2cfc88592ec592a1354-candidate_final""]",False,False,True,False,False,False,False,False,True,True,True,True,True,True,True,False,False,True,True,False,False,False,False,False,,,,,,,,
gemini35_flash_lite,test,CT22,conflicting_transcript_alternatives,3,E_text,"[""30deea3dcd9a78c42ec3-candidate_extract"", ""30deea3dcd9a78c42ec3-candidate_final""]",False,False,True,False,False,False,False,False,True,True,True,True,True,True,True,False,False,True,True,False,False,False,False,False,,,,,,,,
,,N002,other_person,,E_text,,,,True,,,,,,,,,,,,,,,,,,,,,,P04,supported,1,1,0,0,0,0
,,N007,negation,,E_text,,,,True,,,,,,,,,,,,,,,,,,,,,,P01,supported,1,1,0,0,0,0
,,N011,quoted_other,,E_text,,,,True,,,,,,,,,,,,,,,,,,,,,,P10,supported,1,1,0,0,0,0
,,N013,other_person,,E_text,,,,True,,,,,,,,,,,,,,,,,,,,,,P03,supported,1,1,0,0,0,0
,,N015,transcript_disagreement,,E_text,,,,True,,,,,,,,,,,,,,,,,,,,,,P11,unsupported,0,0,0,1,1,0
,,N017,hypothetical,,E_text,,,,True,,,,,,,,,,,,,,,,,,,,,,P07,supported,1,1,0,0,0,0
