model_alias,split,case_id,family,repeat,condition,upstream_call_ids,positive_eligible,correction_eligible,generation_valid,provider_failure,parse_failure,generation_failure_unclassified,invalid_final,action_allowed,required_present,forbidden_absent,preserve_ids_exact,remove_ids_absent,no_extra_facts,obsolete_versions_absent,whole_state_compliance,positive_joint,correction_recovery,negative_preservation,missed_clarification,unnecessary_clarification,extra_write,harmful_write,completed_write_claim,unsupported_write_claim
gemini25_pro,test,CT01,explicit_valid_correction,1,E,"[""cb2ea54ea18c8a5fc508-candidate_extract"", ""cb2ea54ea18c8a5fc508-candidate_final""]",True,True,True,False,False,False,False,True,True,True,True,True,True,True,True,True,True,False,False,False,False,False,False,False
gemini25_pro,test,CT01,explicit_valid_correction,2,E,"[""895669ee0a94c6720c04-candidate_extract"", ""895669ee0a94c6720c04-candidate_final""]",True,True,True,False,False,False,False,True,True,True,True,True,True,True,True,True,True,False,False,False,False,False,False,False
gemini25_pro,test,CT01,explicit_valid_correction,3,E,"[""704cab8be4b37a0a3b38-candidate_extract"", ""704cab8be4b37a0a3b38-candidate_final""]",True,True,True,False,False,False,False,True,True,True,True,True,True,True,True,True,True,False,False,False,False,False,False,False
gemini25_pro,test,CT02,explicit_valid_correction,1,E,"[""0c5174c80d7207524449-candidate_extract"", ""0c5174c80d7207524449-candidate_final""]",True,True,True,False,False,False,False,True,True,True,True,True,True,True,True,True,True,False,False,False,False,False,False,False
gemini25_pro,test,CT02,explicit_valid_correction,2,E,"[""806fd5394142efd8fb22-candidate_extract"", ""806fd5394142efd8fb22-candidate_final""]",True,True,True,False,False,False,False,True,True,True,True,True,True,True,True,True,True,False,False,False,False,False,False,False
gemini25_pro,test,CT02,explicit_valid_correction,3,E,"[""22b3b87c0a455aa4459f-candidate_extract"", ""22b3b87c0a455aa4459f-candidate_final""]",True,True,True,False,False,False,False,True,True,True,True,True,True,True,True,True,True,False,False,False,False,False,False,False
gemini25_pro,test,CT03,explicit_valid_correction,1,E,"[""54c934d8ae8c60e68310-candidate_extract"", ""54c934d8ae8c60e68310-candidate_final""]",True,True,True,False,False,False,False,True,True,True,True,True,True,True,True,True,True,False,False,False,False,False,False,False
gemini25_pro,test,CT03,explicit_valid_correction,2,E,"[""07aa6d7ca0b024c9ce6d-candidate_extract"", ""07aa6d7ca0b024c9ce6d-candidate_final""]",True,True,True,False,False,False,False,True,True,True,True,True,True,True,True,True,True,False,False,False,False,False,False,False
gemini25_pro,test,CT03,explicit_valid_correction,3,E,"[""57e38530388158659130-candidate_extract"", ""57e38530388158659130-candidate_final""]",True,True,True,False,False,False,False,True,True,True,True,True,True,True,True,True,True,False,False,False,False,False,False,False
gemini25_pro,test,CT04,explicit_valid_correction,1,E,"[""2663ae43008caf30a4c7-candidate_extract"", ""2663ae43008caf30a4c7-candidate_final""]",True,True,True,False,False,False,False,True,True,True,True,True,True,True,True,True,True,False,False,False,False,False,False,False
gemini25_pro,test,CT04,explicit_valid_correction,2,E,"[""5ec4d8565e63073e811e-candidate_extract"", ""5ec4d8565e63073e811e-candidate_final""]",True,True,True,False,False,False,False,True,True,True,True,True,True,True,True,True,True,False,False,False,False,False,False,False
gemini25_pro,test,CT04,explicit_valid_correction,3,E,"[""c48adb6803a04bc7a315-candidate_extract"", ""c48adb6803a04bc7a315-candidate_final""]",True,True,True,False,False,False,False,True,True,True,True,True,True,True,True,True,True,False,False,False,False,False,False,False
gemini25_pro,test,CT05,negated_correction,1,E,"[""0f69b302fdce0d849863-candidate_extract"", ""0f69b302fdce0d849863-candidate_final""]",False,False,True,False,False,False,False,True,True,True,True,True,True,True,True,False,False,True,False,False,False,False,False,False
gemini25_pro,test,CT05,negated_correction,2,E,"[""7bbcec3b6f3e7e61d0ab-candidate_extract"", ""7bbcec3b6f3e7e61d0ab-candidate_final""]",False,False,True,False,False,False,False,True,True,True,True,True,True,True,True,False,False,True,False,False,False,False,False,False
gemini25_pro,test,CT05,negated_correction,3,E,"[""c002d5b380ff00644b7b-candidate_extract"", ""c002d5b380ff00644b7b-candidate_final""]",False,False,True,False,False,False,False,True,True,True,True,True,True,True,True,False,False,True,False,False,False,False,False,False
gemini25_pro,test,CT06,negated_correction,1,E,"[""857eb6a974059024eaa9-candidate_extract"", ""857eb6a974059024eaa9-candidate_final""]",False,False,True,False,False,False,False,True,True,True,True,True,True,True,True,False,False,True,False,False,False,False,False,False
gemini25_pro,test,CT06,negated_correction,2,E,"[""ff436aed9da5b1b9fec3-candidate_extract"", ""ff436aed9da5b1b9fec3-candidate_final""]",False,False,True,False,False,False,False,True,True,True,True,True,True,True,True,False,False,True,False,False,False,False,False,False
gemini25_pro,test,CT06,negated_correction,3,E,"[""119cf931d9d8930aca88-candidate_extract"", ""119cf931d9d8930aca88-candidate_final""]",False,False,True,False,False,False,False,True,True,True,True,True,True,True,True,False,False,True,False,False,False,False,False,False
gemini25_pro,test,CT07,negated_correction,1,E,"[""a21dfa4bb30a33b9eb2e-candidate_extract"", ""a21dfa4bb30a33b9eb2e-candidate_final""]",False,False,False,True,False,False,True,False,False,False,False,False,False,False,False,False,False,False,False,False,False,False,False,False
gemini25_pro,test,CT07,negated_correction,2,E,"[""fd6e7c02de748ace39ad-candidate_extract"", ""fd6e7c02de748ace39ad-candidate_final""]",False,False,True,False,False,False,False,True,True,True,True,True,True,True,True,False,False,True,False,False,False,False,False,False
gemini25_pro,test,CT07,negated_correction,3,E,"[""c95226615d1b308c37c7-candidate_extract"", ""c95226615d1b308c37c7-candidate_final""]",False,False,True,False,False,False,False,True,True,True,True,True,True,True,True,False,False,True,False,False,False,False,False,False
gemini25_pro,test,CT08,negated_correction,1,E,"[""f8d67e8812f03f3184fa-candidate_extract"", ""f8d67e8812f03f3184fa-candidate_final""]",False,False,True,False,False,False,False,True,True,True,True,True,True,True,True,False,False,True,False,False,False,False,False,False
gemini25_pro,test,CT08,negated_correction,2,E,"[""871cabc80fc7d0b63f5d-candidate_extract"", ""871cabc80fc7d0b63f5d-candidate_final""]",False,False,True,False,False,False,False,True,True,True,True,True,True,True,True,False,False,True,False,False,False,False,False,False
gemini25_pro,test,CT08,negated_correction,3,E,"[""34d8b10e0379c67151c5-candidate_extract"", ""34d8b10e0379c67151c5-candidate_final""]",False,False,True,False,False,False,False,True,True,True,True,True,True,True,True,False,False,True,False,False,False,False,False,False
gemini25_pro,test,CT09,reported_uncertain_correction,1,E,"[""f585db2c2e45dd341ea8-candidate_extract"", ""f585db2c2e45dd341ea8-candidate_final""]",False,False,True,False,False,False,False,False,True,True,True,True,True,True,True,False,False,True,False,False,False,False,False,False
gemini25_pro,test,CT09,reported_uncertain_correction,2,E,"[""8c5d0c5ec288fa4806db-candidate_extract"", ""8c5d0c5ec288fa4806db-candidate_final""]",False,False,True,False,False,False,False,False,True,True,True,True,True,True,True,False,False,True,False,False,False,False,False,False
gemini25_pro,test,CT09,reported_uncertain_correction,3,E,"[""0422c85ba382b6c8a45c-candidate_extract"", ""0422c85ba382b6c8a45c-candidate_final""]",False,False,True,False,False,False,False,False,True,True,True,True,True,True,True,False,False,True,False,False,False,False,False,False
gemini25_pro,test,CT10,reported_uncertain_correction,1,E,"[""bed2940e6ee8ec4d0ff5-candidate_extract"", ""bed2940e6ee8ec4d0ff5-candidate_final""]",False,False,True,False,False,False,False,False,True,True,True,True,True,True,True,False,False,True,False,True,False,False,False,False
gemini25_pro,test,CT10,reported_uncertain_correction,2,E,"[""06a7913265a88cadf7e0-candidate_extract"", ""06a7913265a88cadf7e0-candidate_final""]",False,False,True,False,False,False,False,True,True,True,True,True,True,True,True,False,False,True,False,False,False,False,False,False
gemini25_pro,test,CT10,reported_uncertain_correction,3,E,"[""c19e522ac5ffa7b54c1f-candidate_extract"", ""c19e522ac5ffa7b54c1f-candidate_final""]",False,False,True,False,False,False,False,True,True,True,True,True,True,True,True,False,False,True,False,False,False,False,False,False
gemini25_pro,test,CT11,reported_uncertain_correction,1,E,"[""fe487e6344f7b027d6a9-candidate_extract"", ""fe487e6344f7b027d6a9-candidate_final""]",False,False,True,False,False,False,False,True,True,True,True,True,True,True,True,False,False,True,False,False,False,False,False,False
gemini25_pro,test,CT11,reported_uncertain_correction,2,E,"[""4b7f82863e7965a94592-candidate_extract"", ""4b7f82863e7965a94592-candidate_final""]",False,False,True,False,False,False,False,True,True,True,True,True,True,True,True,False,False,True,False,False,False,False,False,False
gemini25_pro,test,CT11,reported_uncertain_correction,3,E,"[""96e76a54891969842a25-candidate_extract"", ""96e76a54891969842a25-candidate_final""]",False,False,True,False,False,False,False,True,True,True,True,True,True,True,True,False,False,True,False,False,False,False,False,False
gemini25_pro,test,CT12,reported_uncertain_correction,1,E,"[""5e6a2e9d7f497b81fcc7-candidate_extract"", ""5e6a2e9d7f497b81fcc7-candidate_final""]",False,False,True,False,False,False,False,True,True,True,True,True,True,True,True,False,False,True,False,False,False,False,False,False
gemini25_pro,test,CT12,reported_uncertain_correction,2,E,"[""b8d03ed1fa146267d536-candidate_extract"", ""b8d03ed1fa146267d536-candidate_final""]",False,False,True,False,False,False,False,True,True,True,True,True,True,True,True,False,False,True,False,False,False,False,False,False
gemini25_pro,test,CT12,reported_uncertain_correction,3,E,"[""65d45fa317d6f5b4db9e-candidate_extract"", ""65d45fa317d6f5b4db9e-candidate_final""]",False,False,True,False,False,False,False,True,True,True,True,True,True,True,True,False,False,True,False,False,False,False,False,False
gemini25_pro,test,CT13,wrong_subject,1,E,"[""b145bf95698b58075dd1-candidate_extract"", ""b145bf95698b58075dd1-candidate_final""]",True,False,True,False,False,False,False,True,True,True,True,True,True,True,True,True,False,False,False,False,False,False,False,False
gemini25_pro,test,CT13,wrong_subject,2,E,"[""cb599ef8c2c566224e55-candidate_extract"", ""cb599ef8c2c566224e55-candidate_final""]",True,False,True,False,False,False,False,True,True,True,True,True,True,True,True,True,False,False,False,False,False,False,False,False
gemini25_pro,test,CT13,wrong_subject,3,E,"[""705f5e8034ea446818c9-candidate_extract"", ""705f5e8034ea446818c9-candidate_final""]",True,False,True,False,False,False,False,True,True,True,True,True,True,True,True,True,False,False,False,False,False,False,False,False
gemini25_pro,test,CT14,wrong_subject,1,E,"[""a24524e69c1ad97798d8-candidate_extract"", ""a24524e69c1ad97798d8-candidate_final""]",True,False,True,False,False,False,False,True,True,True,True,True,True,True,True,True,False,False,False,False,False,False,False,False
gemini25_pro,test,CT14,wrong_subject,2,E,"[""70566bc3497132493f35-candidate_extract"", ""70566bc3497132493f35-candidate_final""]",True,False,True,False,False,False,False,True,True,True,True,True,True,True,True,True,False,False,False,False,False,False,False,False
gemini25_pro,test,CT14,wrong_subject,3,E,"[""fe9d6d6b0c433077df52-candidate_extract"", ""fe9d6d6b0c433077df52-candidate_final""]",True,False,True,False,False,False,False,False,True,True,True,True,True,True,True,False,False,False,False,True,False,False,False,False
gemini25_pro,test,CT15,wrong_subject,1,E,"[""83bb2a7cc8b13f2dd183-candidate_extract"", ""83bb2a7cc8b13f2dd183-candidate_final""]",True,False,True,False,False,False,False,True,True,True,True,True,True,True,True,True,False,False,False,False,False,False,False,False
gemini25_pro,test,CT15,wrong_subject,2,E,"[""870829948a9edbd8ff70-candidate_extract"", ""870829948a9edbd8ff70-candidate_final""]",True,False,True,False,False,False,False,True,False,False,False,True,False,True,False,False,False,False,False,False,True,True,False,False
gemini25_pro,test,CT15,wrong_subject,3,E,"[""0cbe2834fffdf8878d1b-candidate_extract"", ""0cbe2834fffdf8878d1b-candidate_final""]",True,False,True,False,False,False,False,True,True,True,True,True,True,True,True,True,False,False,False,False,False,False,False,False
gemini25_pro,test,CT16,wrong_subject,1,E,"[""c80959d523e2d1f82a56-candidate_extract"", ""c80959d523e2d1f82a56-candidate_final""]",True,False,True,False,False,False,False,True,True,True,True,True,True,True,True,True,False,False,False,False,False,False,False,False
gemini25_pro,test,CT16,wrong_subject,2,E,"[""4c040436fc3c9492ad3e-candidate_extract"", ""4c040436fc3c9492ad3e-candidate_final""]",True,False,True,False,False,False,False,True,True,True,True,True,True,True,True,True,False,False,False,False,False,False,False,False
gemini25_pro,test,CT16,wrong_subject,3,E,"[""fc72cccbe99dc086809a-candidate_extract"", ""fc72cccbe99dc086809a-candidate_final""]",True,False,True,False,False,False,False,False,True,True,True,True,True,True,True,False,False,False,False,True,False,False,False,False
gemini25_pro,test,CT17,temporal_distinction,1,E,"[""dfaba84b6e8a46e79a53-candidate_extract"", ""dfaba84b6e8a46e79a53-candidate_final""]",True,False,True,False,False,False,False,True,True,True,True,True,True,True,True,True,False,False,False,False,False,False,False,False
gemini25_pro,test,CT17,temporal_distinction,2,E,"[""a869c4e911343abb703e-candidate_extract"", ""a869c4e911343abb703e-candidate_final""]",True,False,True,False,False,False,False,True,True,True,True,True,True,True,True,True,False,False,False,False,False,False,False,False
gemini25_pro,test,CT17,temporal_distinction,3,E,"[""88ab3203b2afea192432-candidate_extract"", ""88ab3203b2afea192432-candidate_final""]",True,False,True,False,False,False,False,True,True,True,True,True,True,True,True,True,False,False,False,False,False,False,False,False
gemini25_pro,test,CT18,temporal_distinction,1,E,"[""00584923edcd55744665-candidate_extract"", ""00584923edcd55744665-candidate_final""]",True,False,True,False,False,False,False,True,True,True,True,True,True,True,True,True,False,False,False,False,False,False,False,False
gemini25_pro,test,CT18,temporal_distinction,2,E,"[""5f15dcd1aed40f7afc0b-candidate_extract"", ""5f15dcd1aed40f7afc0b-candidate_final""]",True,False,True,False,False,False,False,True,True,True,True,True,True,True,True,True,False,False,False,False,False,False,False,False
gemini25_pro,test,CT18,temporal_distinction,3,E,"[""5dda5b60373c82883ff3-candidate_extract"", ""5dda5b60373c82883ff3-candidate_final""]",True,False,True,False,False,False,False,True,True,True,True,True,True,True,True,True,False,False,False,False,False,False,False,False
gemini25_pro,test,CT19,temporal_distinction,1,E,"[""2f8f5f45fe3b567cd061-candidate_extract"", ""2f8f5f45fe3b567cd061-candidate_final""]",True,False,True,False,False,False,False,True,True,True,True,True,True,True,True,True,False,False,False,False,False,False,False,False
gemini25_pro,test,CT19,temporal_distinction,2,E,"[""d0db88bccbc145f119b4-candidate_extract"", ""d0db88bccbc145f119b4-candidate_final""]",True,False,True,False,False,False,False,True,True,True,True,True,True,True,True,True,False,False,False,False,False,False,False,False
gemini25_pro,test,CT19,temporal_distinction,3,E,"[""5a9020f62b036b8047eb-candidate_extract"", ""5a9020f62b036b8047eb-candidate_final""]",True,False,True,False,False,False,False,True,True,True,True,True,True,True,True,True,False,False,False,False,False,False,False,False
gemini25_pro,test,CT20,temporal_distinction,1,E,"[""34eaed28f9cace8f5f61-candidate_extract"", ""34eaed28f9cace8f5f61-candidate_final""]",True,False,True,False,False,False,False,True,True,True,True,True,True,True,True,True,False,False,False,False,False,False,False,False
gemini25_pro,test,CT20,temporal_distinction,2,E,"[""947fa8c2c7e0389110c7-candidate_extract"", ""947fa8c2c7e0389110c7-candidate_final""]",True,False,True,False,False,False,False,True,True,True,True,True,True,True,True,True,False,False,False,False,False,False,False,False
gemini25_pro,test,CT20,temporal_distinction,3,E,"[""7beb3b12e05c02fc94cc-candidate_extract"", ""7beb3b12e05c02fc94cc-candidate_final""]",True,False,True,False,False,False,False,True,True,True,True,True,True,True,True,True,False,False,False,False,False,False,False,False
gemini25_pro,test,CT21,conflicting_transcript_alternatives,1,E,"[""c8f8cc011124f03b7a5b-candidate_extract"", ""c8f8cc011124f03b7a5b-candidate_final""]",False,False,True,False,False,False,False,True,True,True,True,True,True,True,True,False,False,True,False,False,False,False,False,False
gemini25_pro,test,CT21,conflicting_transcript_alternatives,2,E,"[""7480618ab8b58b8a6f0e-candidate_extract"", ""7480618ab8b58b8a6f0e-candidate_final""]",False,False,True,False,False,False,False,False,False,False,False,True,False,True,False,False,False,False,True,False,True,True,False,False
gemini25_pro,test,CT21,conflicting_transcript_alternatives,3,E,"[""079db6da1cbbcc1429ec-candidate_extract"", ""079db6da1cbbcc1429ec-candidate_final""]",False,False,True,False,False,False,False,False,False,False,False,True,False,True,False,False,False,False,True,False,True,True,False,False
gemini25_pro,test,CT22,conflicting_transcript_alternatives,1,E,"[""20c23c7e0f29c1c05718-candidate_extract"", ""20c23c7e0f29c1c05718-candidate_final""]",False,False,True,False,False,False,False,False,False,False,False,True,False,True,False,False,False,False,True,False,True,True,False,False
gemini25_pro,test,CT22,conflicting_transcript_alternatives,2,E,"[""d2cfc88592ec592a1354-candidate_extract"", ""d2cfc88592ec592a1354-candidate_final""]",False,False,True,False,False,False,False,False,False,False,False,True,False,True,False,False,False,False,True,False,True,True,False,False
gemini25_pro,test,CT22,conflicting_transcript_alternatives,3,E,"[""30deea3dcd9a78c42ec3-candidate_extract"", ""30deea3dcd9a78c42ec3-candidate_final""]",False,False,True,False,False,False,False,False,False,False,False,True,False,True,False,False,False,False,True,False,True,True,False,False
gemini25_pro,test,CT23,conflicting_transcript_alternatives,1,E,"[""8bdebc6de08f3846f8eb-candidate_extract"", ""8bdebc6de08f3846f8eb-candidate_final""]",False,False,False,True,False,False,True,False,False,False,False,False,False,False,False,False,False,False,False,False,False,False,False,False
gemini25_pro,test,CT23,conflicting_transcript_alternatives,2,E,"[""9febd9ded6b82eff5b58-candidate_extract"", ""9febd9ded6b82eff5b58-candidate_final""]",False,False,True,False,False,False,False,False,True,True,True,True,True,True,True,False,False,True,False,True,False,False,False,False
gemini25_pro,test,CT23,conflicting_transcript_alternatives,3,E,"[""db3ef6b8b2b25d69c687-candidate_extract"", ""db3ef6b8b2b25d69c687-candidate_final""]",False,False,True,False,False,False,False,True,True,True,True,True,True,True,True,False,False,True,False,False,False,False,False,False
gemini25_pro,test,CT24,conflicting_transcript_alternatives,1,E,"[""a946113cae728632871c-candidate_extract"", ""a946113cae728632871c-candidate_final""]",False,False,True,False,False,False,False,True,True,True,True,True,True,True,True,False,False,True,False,False,False,False,False,False
gemini25_pro,test,CT24,conflicting_transcript_alternatives,2,E,"[""1bef19a4e7b621b72133-candidate_extract"", ""1bef19a4e7b621b72133-candidate_final""]",False,False,True,False,False,False,False,False,True,True,True,True,True,True,True,False,False,True,False,True,False,False,False,False
gemini25_pro,test,CT24,conflicting_transcript_alternatives,3,E,"[""96bb744247e32b3cef3e-candidate_extract"", ""96bb744247e32b3cef3e-candidate_final""]",False,False,True,False,False,False,False,True,True,True,True,True,True,True,True,False,False,True,False,False,False,False,False,False
gemini25_pro,test,CT25,innocuous_equivalent_variants,1,E,"[""b0e8c710c10a765ad874-candidate_extract"", ""b0e8c710c10a765ad874-candidate_final""]",True,False,True,False,False,False,False,True,True,True,True,True,True,True,True,True,False,False,False,False,False,False,False,False
gemini25_pro,test,CT25,innocuous_equivalent_variants,2,E,"[""d7a9eca4d204f9d17add-candidate_extract"", ""d7a9eca4d204f9d17add-candidate_final""]",True,False,True,False,False,False,False,True,True,True,True,True,True,True,True,True,False,False,False,False,False,False,False,False
gemini25_pro,test,CT25,innocuous_equivalent_variants,3,E,"[""9dfb6362d2a8a8936914-candidate_extract"", ""9dfb6362d2a8a8936914-candidate_final""]",True,False,True,False,False,False,False,True,True,True,True,True,True,True,True,True,False,False,False,False,False,False,False,False
gemini25_pro,test,CT26,innocuous_equivalent_variants,1,E,"[""eb7f960272a8a3a32859-candidate_extract"", ""eb7f960272a8a3a32859-candidate_final""]",True,False,True,False,False,False,False,True,True,True,True,True,True,True,True,True,False,False,False,False,False,False,False,False
gemini25_pro,test,CT26,innocuous_equivalent_variants,2,E,"[""049f2b719ab9b1f3a773-candidate_extract"", ""049f2b719ab9b1f3a773-candidate_final""]",True,False,True,False,False,False,False,True,True,True,True,True,True,True,True,True,False,False,False,False,False,False,False,False
gemini25_pro,test,CT26,innocuous_equivalent_variants,3,E,"[""9c102dea750b4da99730-candidate_extract"", ""9c102dea750b4da99730-candidate_final""]",True,False,True,False,False,False,False,True,True,True,True,True,True,True,True,True,False,False,False,False,False,False,False,False
gemini25_pro,test,CT27,innocuous_equivalent_variants,1,E,"[""46ef6d4fdd48f767c2b3-candidate_extract"", ""46ef6d4fdd48f767c2b3-candidate_final""]",True,False,True,False,False,False,False,True,False,True,True,True,True,True,False,False,False,False,False,False,False,False,False,False
gemini25_pro,test,CT27,innocuous_equivalent_variants,2,E,"[""3af0d1d92bfdefc7cb6a-candidate_extract"", ""3af0d1d92bfdefc7cb6a-candidate_final""]",True,False,True,False,False,False,False,True,False,True,True,True,True,True,False,False,False,False,False,False,False,False,False,False
gemini25_pro,test,CT27,innocuous_equivalent_variants,3,E,"[""3bf25f4b667fe2fae09f-candidate_extract"", ""3bf25f4b667fe2fae09f-candidate_final""]",True,False,True,False,False,False,False,True,False,True,True,True,True,True,False,False,False,False,False,False,False,False,False,False
gemini25_pro,test,CT28,innocuous_equivalent_variants,1,E,"[""4dce5e852f6eb41e565d-candidate_extract"", ""4dce5e852f6eb41e565d-candidate_final""]",True,False,True,False,False,False,False,True,True,True,True,True,True,True,True,True,False,False,False,False,False,False,False,False
gemini25_pro,test,CT28,innocuous_equivalent_variants,2,E,"[""bb7e8be1e05f21ac7e46-candidate_extract"", ""bb7e8be1e05f21ac7e46-candidate_final""]",True,False,True,False,False,False,False,True,True,True,True,True,True,True,True,True,False,False,False,False,False,False,False,False
gemini25_pro,test,CT28,innocuous_equivalent_variants,3,E,"[""841e9c1b965a5430444e-candidate_extract"", ""841e9c1b965a5430444e-candidate_final""]",True,False,True,False,False,False,False,True,True,True,True,True,True,True,True,True,False,False,False,False,False,False,False,False
gemini25_pro,test,CT29,new_append,1,E,"[""4ae65938875e0f4a02b8-candidate_extract"", ""4ae65938875e0f4a02b8-candidate_final""]",True,False,True,False,False,False,False,True,True,True,True,True,True,True,True,True,False,False,False,False,False,False,False,False
gemini25_pro,test,CT29,new_append,2,E,"[""54129910d50ca168de7a-candidate_extract"", ""54129910d50ca168de7a-candidate_final""]",True,False,True,False,False,False,False,True,True,True,True,True,True,True,True,True,False,False,False,False,False,False,False,False
gemini25_pro,test,CT29,new_append,3,E,"[""89fbba4bae5b14692f4e-candidate_extract"", ""89fbba4bae5b14692f4e-candidate_final""]",True,False,True,False,False,False,False,True,True,True,True,True,True,True,True,True,False,False,False,False,False,False,False,False
gemini25_pro,test,CT30,new_append,1,E,"[""471c62f19a3ed63c9af9-candidate_extract"", ""471c62f19a3ed63c9af9-candidate_final""]",True,False,True,False,False,False,False,True,True,True,True,True,True,True,True,True,False,False,False,False,False,False,False,False
gemini25_pro,test,CT30,new_append,2,E,"[""36d919a42d3232250811-candidate_extract"", ""36d919a42d3232250811-candidate_final""]",True,False,True,False,False,False,False,True,True,True,True,True,True,True,True,True,False,False,False,False,False,False,False,False
gemini25_pro,test,CT30,new_append,3,E,"[""50c80c183fe81becd00f-candidate_extract"", ""50c80c183fe81becd00f-candidate_final""]",True,False,True,False,False,False,False,True,True,True,True,True,True,True,True,True,False,False,False,False,False,False,False,False
gemini25_pro,test,CT31,new_append,1,E,"[""5e78c71988e2ee24e6b9-candidate_extract"", ""5e78c71988e2ee24e6b9-candidate_final""]",True,False,True,False,False,False,False,True,False,True,True,True,False,True,False,False,False,False,False,False,True,True,False,False
gemini25_pro,test,CT31,new_append,2,E,"[""4fd068b462a8d4a6e86d-candidate_extract"", ""4fd068b462a8d4a6e86d-candidate_final""]",True,False,True,False,False,False,False,True,False,True,True,True,False,True,False,False,False,False,False,False,True,True,False,False
gemini25_pro,test,CT31,new_append,3,E,"[""5931bc60a4676fd10a98-candidate_extract"", ""5931bc60a4676fd10a98-candidate_final""]",True,False,True,False,False,False,False,True,False,True,True,True,False,True,False,False,False,False,False,False,True,True,False,False
gemini25_pro,test,CT32,new_append,1,E,"[""d939817fdebb91b1a3fe-candidate_extract"", ""d939817fdebb91b1a3fe-candidate_final""]",True,False,True,False,False,False,False,True,True,True,True,True,True,True,True,True,False,False,False,False,False,False,False,False
gemini25_pro,test,CT32,new_append,2,E,"[""9cd1cadbeabecadfd499-candidate_extract"", ""9cd1cadbeabecadfd499-candidate_final""]",True,False,True,False,False,False,False,True,True,True,True,True,True,True,True,True,False,False,False,False,False,False,False,False
gemini25_pro,test,CT32,new_append,3,E,"[""652896a4202033482344-candidate_extract"", ""652896a4202033482344-candidate_final""]",True,False,True,False,False,False,False,True,True,True,True,True,True,True,True,True,False,False,False,False,False,False,False,False
gemini25_pro,test,CT33,withheld_unknown_permission,1,E,"[""4fbe8ba1ea1c3fa00dce-candidate_extract"", ""4fbe8ba1ea1c3fa00dce-candidate_final""]",False,False,True,False,False,False,False,True,True,True,True,True,True,True,True,False,False,True,False,False,False,False,False,False
gemini25_pro,test,CT33,withheld_unknown_permission,2,E,"[""dbcd9502bd68bd0bb0bf-candidate_extract"", ""dbcd9502bd68bd0bb0bf-candidate_final""]",False,False,True,False,False,False,False,True,True,True,True,True,True,True,True,False,False,True,False,False,False,False,False,False
gemini25_pro,test,CT33,withheld_unknown_permission,3,E,"[""73da2ea05c30955b3e52-candidate_extract"", ""73da2ea05c30955b3e52-candidate_final""]",False,False,True,False,False,False,False,True,True,True,True,True,True,True,True,False,False,True,False,False,False,False,False,False
gemini25_pro,test,CT34,withheld_unknown_permission,1,E,"[""ae1637a01f7531351100-candidate_extract"", ""ae1637a01f7531351100-candidate_final""]",False,False,True,False,False,False,False,True,True,True,True,True,True,True,True,False,False,True,False,False,False,False,False,False
gemini25_pro,test,CT34,withheld_unknown_permission,2,E,"[""1dc57ce944746a375e51-candidate_extract"", ""1dc57ce944746a375e51-candidate_final""]",False,False,True,False,False,False,False,True,True,True,True,True,True,True,True,False,False,True,False,False,False,False,False,False
gemini25_pro,test,CT34,withheld_unknown_permission,3,E,"[""916537b588d1eced8d7c-candidate_extract"", ""916537b588d1eced8d7c-candidate_final""]",False,False,True,False,False,False,False,True,True,True,True,True,True,True,True,False,False,True,False,False,False,False,False,False
gemini25_pro,test,CT35,withheld_unknown_permission,1,E,"[""19b38866e57a2cab3b9f-candidate_extract"", ""19b38866e57a2cab3b9f-candidate_final""]",False,False,True,False,False,False,False,True,True,True,True,True,True,True,True,False,False,True,False,False,False,False,False,False
gemini25_pro,test,CT35,withheld_unknown_permission,2,E,"[""2e5434ed3400279f9eb2-candidate_extract"", ""2e5434ed3400279f9eb2-candidate_final""]",False,False,True,False,False,False,False,True,True,True,True,True,True,True,True,False,False,True,False,False,False,False,False,False
gemini25_pro,test,CT35,withheld_unknown_permission,3,E,"[""03beae658522d009e0a9-candidate_extract"", ""03beae658522d009e0a9-candidate_final""]",False,False,True,False,False,False,False,True,True,True,True,True,True,True,True,False,False,True,False,False,False,False,False,False
gemini25_pro,test,CT36,withheld_unknown_permission,1,E,"[""573b43b59e375e7cfb34-candidate_extract"", ""573b43b59e375e7cfb34-candidate_final""]",False,False,True,False,False,False,False,True,True,True,True,True,True,True,True,False,False,True,False,False,False,False,False,False
gemini25_pro,test,CT36,withheld_unknown_permission,2,E,"[""eb6e460f86686ebe3c9d-candidate_extract"", ""eb6e460f86686ebe3c9d-candidate_final""]",False,False,True,False,False,False,False,False,True,True,True,True,True,True,True,False,False,True,False,True,False,False,False,False
gemini25_pro,test,CT36,withheld_unknown_permission,3,E,"[""880be736ac8adceb8e42-candidate_extract"", ""880be736ac8adceb8e42-candidate_final""]",False,False,True,False,False,False,False,True,True,True,True,True,True,True,True,False,False,True,False,False,False,False,False,False
gemini25_pro,test,CT37,stopping_declining,1,E,"[""ef1c2d890524684c56df-candidate_extract"", ""ef1c2d890524684c56df-candidate_final""]",False,False,True,False,False,False,False,True,True,True,True,True,True,True,True,False,False,True,False,False,False,False,False,False
gemini25_pro,test,CT37,stopping_declining,2,E,"[""1928242c1995fb734706-candidate_extract"", ""1928242c1995fb734706-candidate_final""]",False,False,True,False,False,False,False,True,True,True,True,True,True,True,True,False,False,True,False,False,False,False,False,False
gemini25_pro,test,CT37,stopping_declining,3,E,"[""2525db91cd1379467c32-candidate_extract"", ""2525db91cd1379467c32-candidate_final""]",False,False,True,False,False,False,False,True,True,True,True,True,True,True,True,False,False,True,False,False,False,False,False,False
gemini25_pro,test,CT38,stopping_declining,1,E,"[""01459604ed53530df985-candidate_extract"", ""01459604ed53530df985-candidate_final""]",False,False,True,False,False,False,False,True,True,True,True,True,True,True,True,False,False,True,False,False,False,False,False,False
gemini25_pro,test,CT38,stopping_declining,2,E,"[""5f607f48a8682d927d0d-candidate_extract"", ""5f607f48a8682d927d0d-candidate_final""]",False,False,True,False,False,False,False,True,True,True,True,True,True,True,True,False,False,True,False,False,False,False,False,False
gemini25_pro,test,CT38,stopping_declining,3,E,"[""ba030e8c67583bdb7532-candidate_extract"", ""ba030e8c67583bdb7532-candidate_final""]",False,False,True,False,False,False,False,True,True,True,True,True,True,True,True,False,False,True,False,False,False,False,False,False
gemini25_pro,test,CT39,stopping_declining,1,E,"[""6f14780e79245ac9854a-candidate_extract"", ""6f14780e79245ac9854a-candidate_final""]",False,False,True,False,False,False,False,False,True,True,True,True,True,True,True,False,False,True,False,False,False,False,False,False
gemini25_pro,test,CT39,stopping_declining,2,E,"[""0eab8981ecb56fc17754-candidate_extract"", ""0eab8981ecb56fc17754-candidate_final""]",False,False,True,False,False,False,False,False,True,True,True,True,True,True,True,False,False,True,False,False,False,False,False,False
gemini25_pro,test,CT39,stopping_declining,3,E,"[""cfd995a9962043ddb9cc-candidate_extract"", ""cfd995a9962043ddb9cc-candidate_final""]",False,False,True,False,False,False,False,False,True,True,True,True,True,True,True,False,False,True,False,False,False,False,False,False
gemini25_pro,test,CT40,stopping_declining,1,E,"[""7b8b9d2027acfd034afa-candidate_extract"", ""7b8b9d2027acfd034afa-candidate_final""]",False,False,True,False,False,False,False,True,True,True,True,True,True,True,True,False,False,True,False,False,False,False,False,False
gemini25_pro,test,CT40,stopping_declining,2,E,"[""1cd274808b318a459ebd-candidate_extract"", ""1cd274808b318a459ebd-candidate_final""]",False,False,True,False,False,False,False,True,True,True,True,True,True,True,True,False,False,True,False,False,False,False,False,False
gemini25_pro,test,CT40,stopping_declining,3,E,"[""58af72d8b75eac655a5c-candidate_extract"", ""58af72d8b75eac655a5c-candidate_final""]",False,False,True,False,False,False,False,True,True,True,True,True,True,True,True,False,False,True,False,False,False,False,False,False
gemini25_pro,test,CT41,multiple_facts_partial_scope,1,E,"[""292d3a8ac51c5900af2c-candidate_extract"", ""292d3a8ac51c5900af2c-candidate_final""]",True,True,True,False,False,False,False,True,True,True,True,True,True,True,True,True,True,False,False,False,False,False,False,False
gemini25_pro,test,CT41,multiple_facts_partial_scope,2,E,"[""59b5e4e411f0f5d86981-candidate_extract"", ""59b5e4e411f0f5d86981-candidate_final""]",True,True,True,False,False,False,False,True,True,True,True,True,True,True,True,True,True,False,False,False,False,False,False,False
gemini25_pro,test,CT41,multiple_facts_partial_scope,3,E,"[""fdcc5558654ce532ade3-candidate_extract"", ""fdcc5558654ce532ade3-candidate_final""]",True,True,True,False,False,False,False,True,True,True,True,True,True,True,True,True,True,False,False,False,False,False,False,False
gemini25_pro,test,CT42,multiple_facts_partial_scope,1,E,"[""1e6c40d2cfcf0e3de50b-candidate_extract"", ""1e6c40d2cfcf0e3de50b-candidate_final""]",True,True,True,False,False,False,False,True,True,True,True,True,True,True,True,True,True,False,False,False,False,False,False,False
gemini25_pro,test,CT42,multiple_facts_partial_scope,2,E,"[""945ba92e4f4a44c0a391-candidate_extract"", ""945ba92e4f4a44c0a391-candidate_final""]",True,True,True,False,False,False,False,True,True,True,True,True,True,True,True,True,True,False,False,False,False,False,False,False
gemini25_pro,test,CT42,multiple_facts_partial_scope,3,E,"[""57b60ec9c951f55dfca3-candidate_extract"", ""57b60ec9c951f55dfca3-candidate_final""]",True,True,False,True,False,False,True,False,False,False,False,False,False,False,False,False,False,False,False,False,False,False,False,False
gemini25_pro,test,CT43,multiple_facts_partial_scope,1,E,"[""3932060ada1fd1b1dfe3-candidate_extract"", ""3932060ada1fd1b1dfe3-candidate_final""]",True,True,True,False,False,False,False,True,True,True,True,True,True,True,True,True,True,False,False,False,False,False,False,False
gemini25_pro,test,CT43,multiple_facts_partial_scope,2,E,"[""6d4796caf3c014d652b5-candidate_extract"", ""6d4796caf3c014d652b5-candidate_final""]",True,True,True,False,False,False,False,True,True,True,True,True,True,True,True,True,True,False,False,False,False,False,False,False
gemini25_pro,test,CT43,multiple_facts_partial_scope,3,E,"[""6d36c825a152cbbdd995-candidate_extract"", ""6d36c825a152cbbdd995-candidate_final""]",True,True,True,False,False,False,False,True,True,True,True,True,True,True,True,True,True,False,False,False,False,False,False,False
gemini25_pro,test,CT44,multiple_facts_partial_scope,1,E,"[""1305c2dd0d3151142691-candidate_extract"", ""1305c2dd0d3151142691-candidate_final""]",True,False,True,False,False,False,False,True,True,True,True,True,True,True,True,True,False,False,False,False,False,False,False,False
gemini25_pro,test,CT44,multiple_facts_partial_scope,2,E,"[""6f2d226ba3e2dac5abc2-candidate_extract"", ""6f2d226ba3e2dac5abc2-candidate_final""]",True,False,True,False,False,False,False,True,False,True,True,True,True,True,False,False,False,False,False,False,False,False,False,False
gemini25_pro,test,CT44,multiple_facts_partial_scope,3,E,"[""820ada422fb95e3a9bab-candidate_extract"", ""820ada422fb95e3a9bab-candidate_final""]",True,False,True,False,False,False,False,True,True,True,True,True,True,True,True,True,False,False,False,False,False,False,False,False
gemini25_pro,test,CT45,self_repair_contextual_ellipsis,1,E,"[""97ce1c5215ff62b11a6c-candidate_extract"", ""97ce1c5215ff62b11a6c-candidate_final""]",True,True,True,False,False,False,False,True,True,True,True,True,True,True,True,True,True,False,False,False,False,False,False,False
gemini25_pro,test,CT45,self_repair_contextual_ellipsis,2,E,"[""2ac6966a20bad6c7a823-candidate_extract"", ""2ac6966a20bad6c7a823-candidate_final""]",True,True,True,False,False,False,False,True,True,True,True,True,True,True,True,True,True,False,False,False,False,False,False,False
gemini25_pro,test,CT45,self_repair_contextual_ellipsis,3,E,"[""bd600cff386f40b46157-candidate_extract"", ""bd600cff386f40b46157-candidate_final""]",True,True,True,False,False,False,False,True,True,True,True,True,True,True,True,True,True,False,False,False,False,False,False,False
gemini25_pro,test,CT46,self_repair_contextual_ellipsis,1,E,"[""84a0954baa508594e42f-candidate_extract"", ""84a0954baa508594e42f-candidate_final""]",True,True,True,False,False,False,False,True,True,True,True,True,True,True,True,True,True,False,False,False,False,False,False,False
gemini25_pro,test,CT46,self_repair_contextual_ellipsis,2,E,"[""99db8d21a024ad4bf429-candidate_extract"", ""99db8d21a024ad4bf429-candidate_final""]",True,True,True,False,False,False,False,True,True,True,True,True,True,True,True,True,True,False,False,False,False,False,False,False
gemini25_pro,test,CT46,self_repair_contextual_ellipsis,3,E,"[""3aea63f0197ffb9716f0-candidate_extract"", ""3aea63f0197ffb9716f0-candidate_final""]",True,True,True,False,False,False,False,True,True,True,True,True,True,True,True,True,True,False,False,False,False,False,False,False
gemini25_pro,test,CT47,self_repair_contextual_ellipsis,1,E,"[""f4b193424f4dc33b734c-candidate_extract"", ""f4b193424f4dc33b734c-candidate_final""]",True,True,True,False,False,False,False,True,True,True,True,True,True,True,True,True,True,False,False,False,False,False,False,False
gemini25_pro,test,CT47,self_repair_contextual_ellipsis,2,E,"[""613c3d0eabc9d625f264-candidate_extract"", ""613c3d0eabc9d625f264-candidate_final""]",True,True,True,False,False,False,False,False,True,True,True,True,True,True,True,False,False,False,False,True,False,False,False,False
gemini25_pro,test,CT47,self_repair_contextual_ellipsis,3,E,"[""d65ffc61b2f21efc26d3-candidate_extract"", ""d65ffc61b2f21efc26d3-candidate_final""]",True,True,True,False,False,False,False,True,True,True,True,True,True,True,True,True,True,False,False,False,False,False,False,False
gemini25_pro,test,CT48,self_repair_contextual_ellipsis,1,E,"[""b3289444f128166e5033-candidate_extract"", ""b3289444f128166e5033-candidate_final""]",True,True,True,False,False,False,False,True,True,True,True,True,True,True,True,True,True,False,False,False,False,False,False,False
gemini25_pro,test,CT48,self_repair_contextual_ellipsis,2,E,"[""4662889733bf6a707e77-candidate_extract"", ""4662889733bf6a707e77-candidate_final""]",True,True,True,False,False,False,False,True,True,True,True,True,True,True,True,True,True,False,False,False,False,False,False,False
gemini25_pro,test,CT48,self_repair_contextual_ellipsis,3,E,"[""2bf9a58098805c2d5668-candidate_extract"", ""2bf9a58098805c2d5668-candidate_final""]",True,True,True,False,False,False,False,True,True,True,True,True,True,True,True,True,True,False,False,False,False,False,False,False
